﻿{"cameraMode":{"drawMode":0,"name":"Shaded","section":"Shading Mode"},"sceneLighting":true,"audioPlay":false,"sceneViewState":{"m_AlwaysRefresh":false,"showFog":false,"showSkybox":true,"showFlares":true,"showImageEffects":true,"showParticleSystems":true,"showVisualEffectGraphs":true,"m_FxEnabled":true},"in2DMode":false,"pivot":{"x":0.1290549337863922,"y":0.7237840890884399,"z":-0.16036248207092286},"rotation":{"x":-0.11934854835271836,"y":0.6221063733100891,"z":-0.09669229388237,"w":-0.767733633518219},"size":1.2363498210906983,"orthographic":false}